id,nom,adress,code,ville
1,Corbin,cvasnetsov0@delicious.com,1210,Tambilil
2,Nanon,ngallahar1@amazonaws.com,,Parigi
3,Abram,amckyrrelly2@wsj.com,,La Guama
4,Isacco,igreet3@merriam-webster.com,33733 CEDEX 9,Bordeaux
5,De,dkalb4@free.fr,1112,Tiling
6,Katie,kseago5@baidu.com,4224,San Celestio
7,Trudey,tjacquest6@state.gov,MD-3652,Ungheni
8,Maridel,mkupis7@fda.gov,614551,Bershet’
9,Ky,krosso8@printfriendly.com,,Gemuruh
10,Aaron,aclementet9@last.fm,,Sindang
11,Moira,mtracya@tamu.edu,,Chibombo
12,Gunter,gheughb@i2i.jp,,Haokou
13,Sally,sduddlec@canalblog.com,25190,Si Mahosot
14,Avrom,agerhardtd@yolasite.com,,Llazicë
15,Briant,bdonnere@yelp.com,569 44,Jaroměřice
16,Carolann,cmackennyf@xrea.com,,Penghu
17,Amity,asestong@canalblog.com,,Gushui
18,Eliot,elarosah@cloudflare.com,,Yunmen
19,Anselm,apenrethi@360.cn,,El Cortezo
20,Devondra,dteasdalemarkiej@aol.com,,Ceelbuur
21,Susan,sfortunek@wp.com,88100-000,São José
22,Deonne,dboolel@house.gov,9100-035,Gaula
23,Rustie,rofogartym@scientificamerican.com,,Erba
24,Hildegarde,hbumphreyn@bloglovin.com,4610-572,Lameira
25,Helen,hosullivano@chron.com,,Huzhou
26,Aleta,awoloschinp@cornell.edu,,Zhuanshui
27,Quentin,qpullingerq@sphinn.com,,Akhfennir
28,Ruddie,rlinnellr@howstuffworks.com,,Sidu
29,Bambi,bkillingsworths@slate.com,67150,Ubon Ratchathani
30,Adolphe,ajoselevitzt@wikia.com,,Lancar
31,Vonny,vcoalbranu@mail.ru,,Shibi
32,Arny,aletteresev@smh.com.au,32-437,Skomielna Czarna
33,Bonni,bcubittw@netscape.com,8310,Dinaig
34,Travis,tnodesx@purevolume.com,75710,Lazaro Cardenas
35,Rona,rgrimstony@bloomberg.com,140235,Khorlovo
36,Darnall,dsurmanz@hao123.com,42-262,Huta Stara B
37,Gasparo,gmckeaveney10@jiathis.com,,Neiguan
38,Lizzy,ljedraszczyk11@auda.org.au,,Gul’cha
39,Salomon,sflade12@ca.gov,607605,Bogorodsk
40,Brandy,bmerrydew13@imageshack.us,,Santa Rosa
41,Mab,mtaggerty14@noaa.gov,,Zdovbytsya
42,Fanechka,fsadat15@cornell.edu,,Shuangfeng
43,Marcille,mubsdall16@51.la,153809,Ráquira
44,Olivia,opeaker17@github.io,140168,Troitskoye
45,Wade,wthurnham18@storify.com,,Jembatandua
46,Millisent,malldridge19@digg.com,,Samparna
47,Barnie,bdew1a@reference.com,,Yong’an
48,Sidoney,spaintain1b@blogs.com,4362,Berea
49,Carlie,cfeifer1c@state.tx.us,678711,Dzhebariki-Khaya
50,Walden,wkimberly1d@dell.com,,Tiang
51,Corly,cpray1e@soup.io,,Shoushan
52,Florencia,faddison1f@ovh.net,SLM,Sliema
53,Anna-diana,alangford1g@php.net,,Baojia
54,Charlton,clebarre1h@spiegel.de,190990,Saint Petersburg
55,Kandy,kledur1i@eventbrite.com,,Oyo
56,Roanna,rjaqueme1j@boston.com,412787,Khvalynsk
57,Siusan,shammerberg1k@nifty.com,2765-184,Estoril
58,Sally,scrusham1l@yellowbook.com,59650-000,Açu
59,Hansiain,hfarfull1m@devhub.com,2710-257,Janas
60,Hal,hrighy1n@fotki.com,,Ticaco
61,Rubia,rscutching1o@goodreads.com,479-0871,Taketoyo
62,Melodee,mmathouse1p@reuters.com,,Yangjiafang
63,Dill,dmarkson1q@mlb.com,5813,Duran
64,Corliss,cabbyss1r@dailymail.co.uk,7413,Liboran
65,Yoshi,yrickardes1s@google.co.uk,,Weizheng
66,Barris,brewcastle1t@mapquest.com,6534,Balingoan
67,Daron,dbrome1u@ucoz.com,11000-000,Santos
68,Liana,lpleasaunce1v@adobe.com,,Kamru
69,Finlay,fwalklott1w@zimbio.com,614 94,Söderköping
70,Gerianna,gbrayfield1x@pbs.org,40160,Nakhon Chai Si
71,Costanza,cblayney1y@disqus.com,,Kitāf
72,Aretha,aphilcock1z@diigo.com,441 92,Alingsås
73,Bevan,bmccomb20@webs.com,,Sang-e Māshah
74,Marten,mhelversen21@imgur.com,,Jajce
75,Rodolph,rhellin22@abc.net.au,,Cerava
76,Masha,mgabbot23@privacy.gov.au,,Chengfeng
77,Phillie,pmckennan24@netlog.com,,Sbikha
78,Mickey,mgudge25@patch.com,4775-446,Nine
79,Robin,rconiff26@bloomberg.com,,Khulm
80,Nita,nredding27@google.com.br,634069,Tomsk
81,Kerby,khulles28@globo.com,607189,Sarov
82,Glenden,gsottell29@hubpages.com,,Mohammedia
83,Kakalina,kbruno2a@mail.ru,167 66,Bromma
84,Jorgan,jbernt2b@sina.com.cn,36800,San Cristobal
85,Osbert,ocaudrelier2c@edublogs.org,,Pandan
86,Danie,deltone2d@wikispaces.com,WC2H,London
87,Natka,ntwyford2e@newyorker.com,37660-000,Paraisópolis
88,Steffi,sdrakeley2f@sohu.com,6217,La Roxas
89,Valentine,vissakov2g@cbc.ca,357014,Zavetnoye
90,Hasty,hdudny2h@mtv.com,,Hưng Nguyên
91,Emmie,eemmet2i@aboutads.info,,Guocun
92,Ailene,abeldum2j@miibeian.gov.cn,055038,Abejorral
93,Felecia,fbrooke2k@simplemachines.org,4620-472,Venda
94,Winston,wgidney2l@discovery.com,,Citangtu Kaler
95,Josiah,jcuttin2m@google.de,,Khāndbāri
96,Ara,anassy2n@google.ru,,Turka
97,Kissie,kgoodier2o@about.me,95700-000,Bento Gonçalves
98,Fanechka,fduncombe2p@chronoengine.com,2326,Pehčevo
99,Aurie,ablackden2q@jimdo.com,,Bayantal
100,Giraud,gwalkling2r@google.nl,8427,San Jose
